,L_AVG_OVR_GK,L_AVG_OVR_DF,L_AVG_OVR_MD,L_AVG_OVR_FW,V_AVG_OVR_GK,V_AVG_OVR_DF,V_AVG_OVR_MD,V_AVG_OVR_FW,WINNER
0,74.0,71.75,73.66666666666667,74.0,77.0,72.75,73.0,73.66666666666667,DRAW
1,78.0,71.75,74.0,74.66666666666667,73.0,73.5,74.33333333333333,72.5,LOCAL
2,77.0,74.0,74.75,75.5,88.0,82.75,82.33333333333333,83.33333333333333,DRAW
3,75.0,79.66666666666667,79.0,84.0,82.0,72.75,76.25,75.5,LOCAL
4,79.0,76.33333333333333,79.66666666666667,78.66666666666667,72.0,74.75,76.75,75.5,LOCAL
5,83.0,75.5,77.33333333333333,73.33333333333333,85.0,82.25,82.5,85.5,LOCAL
6,74.0,76.5,75.66666666666667,80.0,78.0,74.25,70.0,72.33333333333333,LOCAL
7,75.0,76.5,75.0,77.25,81.0,74.0,77.33333333333333,67.0,VISIT
8,82.0,74.8,79.0,76.75,78.0,72.0,76.0,78.5,VISIT
9,65.0,74.25,74.6,77.0,76.0,83.25,83.5,82.5,VISIT
10,72.0,72.0,74.8,75.0,75.0,74.0,73.4,78.0,VISIT
11,79.0,76.25,74.5,77.5,88.0,82.4,83.0,86.0,LOCAL
12,74.0,74.66666666666667,76.0,76.0,81.0,76.6,79.66666666666667,79.5,DRAW
13,77.0,74.75,71.66666666666667,75.33333333333333,74.0,68.75,74.0,71.25,VISIT
14,75.0,74.0,75.0,77.0,75.0,74.25,73.5,76.5,LOCAL
15,84.0,77.5,78.85714285714286,79.0,82.0,82.75,79.33333333333333,81.33333333333333,LOCAL
16,66.0,72.66666666666667,67.33333333333333,71.5,74.0,71.0,73.33333333333333,74.0,VISIT
17,74.0,72.33333333333333,71.2,77.0,81.0,76.0,79.5,79.0,VISIT
18,83.0,77.0,78.0,81.0,82.0,75.2,73.33333333333333,76.5,DRAW
19,77.0,75.25,76.25,78.5,82.0,80.75,76.25,82.0,DRAW
20,79.0,80.66666666666667,81.0,80.33333333333333,70.0,74.25,74.25,77.5,LOCAL
21,83.0,77.0,74.2,81.0,79.0,77.0,75.6,77.0,LOCAL
22,80.0,77.5,80.33333333333333,83.66666666666667,84.0,82.66666666666667,84.0,84.0,LOCAL
23,88.0,81.75,83.5,84.5,80.0,78.2,78.0,79.5,LOCAL
24,74.0,69.66666666666667,73.4,75.5,82.0,79.75,80.0,81.0,VISIT
25,69.0,75.25,70.0,66.0,75.0,71.75,71.66666666666667,71.33333333333333,LOCAL
26,80.0,73.25,75.0,77.0,79.0,75.0,75.33333333333333,75.0,VISIT
27,79.0,75.4,73.0,74.0,80.0,81.5,81.75,85.5,VISIT
28,77.0,74.75,75.5,76.5,79.0,75.75,77.5,71.0,LOCAL
29,80.0,81.5,81.0,90.0,78.0,71.8,72.0,72.5,LOCAL
30,83.0,76.5,79.33333333333333,72.0,80.0,74.8,75.25,76.0,DRAW
31,72.0,69.2,76.33333333333333,75.5,91.0,79.75,78.5,87.0,VISIT
32,84.0,78.25,73.5,76.0,79.0,75.75,75.0,76.0,DRAW
33,80.0,74.8,74.25,76.0,73.0,75.66666666666667,76.0,76.0,LOCAL
34,62.0,67.25,66.75,72.5,85.0,76.0,81.0,60.0,VISIT
35,78.0,70.0,72.25,70.0,74.0,73.25,73.75,81.5,LOCAL
36,78.0,79.75,81.75,84.0,81.0,75.8,77.25,77.0,LOCAL
37,72.0,70.75,70.33333333333333,70.33333333333333,74.0,73.33333333333333,72.4,69.0,DRAW
38,88.0,81.4,82.33333333333333,81.5,80.0,75.5,75.5,80.0,VISIT
39,74.0,67.8,70.0,74.0,81.0,70.75,76.0,77.0,VISIT
40,75.0,79.25,78.6,84.0,66.0,70.66666666666667,71.66666666666667,69.5,LOCAL
41,85.0,80.0,82.0,77.0,78.0,70.0,72.0,71.0,LOCAL
42,80.0,78.75,80.66666666666667,78.33333333333333,75.0,74.0,76.25,77.0,LOCAL
43,79.0,80.66666666666667,78.0,80.33333333333333,77.0,74.33333333333333,75.5,75.5,DRAW
44,74.0,75.33333333333333,76.66666666666667,77.0,73.0,75.5,76.0,74.5,LOCAL
45,80.0,82.25,80.75,85.5,75.0,74.66666666666667,73.5,73.0,DRAW
46,79.0,75.75,78.0,77.0,85.0,79.66666666666667,78.8,79.0,VISIT
47,86.0,84.66666666666667,86.66666666666667,87.0,81.0,76.25,79.25,79.5,LOCAL
48,75.0,70.8,72.5,72.0,79.0,75.6,73.66666666666667,79.0,VISIT
49,81.0,72.0,76.0,76.66666666666667,65.0,72.5,73.33333333333333,76.0,VISIT
50,74.0,66.5,74.33333333333333,73.0,80.0,83.0,82.0,90.0,VISIT
51,79.0,76.25,72.6,77.0,81.0,69.5,71.33333333333333,76.66666666666667,VISIT
52,73.0,72.75,74.25,76.5,74.0,71.5,74.66666666666667,74.0,LOCAL
53,79.0,76.0,73.0,70.0,74.0,70.8,74.5,74.0,VISIT
54,75.0,74.0,76.5,77.0,73.0,75.0,75.2,74.0,LOCAL
55,74.0,71.25,76.66666666666667,80.0,74.0,71.0,75.5,71.25,LOCAL
56,72.0,68.5,71.5,71.0,73.0,72.25,73.4,77.0,VISIT
57,77.0,74.33333333333333,74.75,75.5,75.0,74.25,73.6,76.0,DRAW
58,66.0,72.75,71.25,70.5,74.0,70.25,73.0,75.5,LOCAL
59,75.0,71.83333333333333,72.0,72.5,78.0,76.0,77.75,79.0,LOCAL
60,81.0,75.8,78.33333333333333,75.5,73.0,76.0,75.25,75.0,DRAW
61,77.0,73.0,73.0,72.5,85.0,80.0,81.0,82.0,DRAW
62,70.0,74.25,74.25,74.5,91.0,80.5,83.33333333333333,85.33333333333333,LOCAL
63,73.0,73.0,72.0,72.5,71.0,73.25,75.75,75.0,VISIT
64,80.0,80.75,78.8,83.0,72.0,68.8,74.0,72.0,LOCAL
65,75.0,74.25,73.8,74.0,80.0,83.5,84.25,84.0,VISIT
66,70.0,74.25,74.25,74.5,75.0,74.25,73.5,73.0,LOCAL
67,66.0,72.25,71.0,70.0,75.0,74.5,75.0,74.0,VISIT
68,78.0,74.25,73.25,73.5,86.0,84.25,84.66666666666667,87.0,VISIT
69,77.0,74.0,74.0,73.66666666666667,81.0,77.33333333333333,75.2,77.5,VISIT
70,84.0,82.66666666666667,83.6,84.0,70.0,72.0,73.4,75.0,LOCAL
71,69.0,77.0,77.25,79.5,62.0,68.0,69.33333333333333,72.0,LOCAL
72,83.0,77.0,73.25,78.0,75.0,71.4,72.0,72.0,DRAW
73,79.0,80.66666666666667,80.0,78.0,84.0,84.0,86.5,83.0,VISIT
74,74.0,75.75,75.25,76.0,78.0,74.25,75.2,69.0,DRAW
75,79.0,70.5,76.5,74.0,88.0,79.5,82.5,78.0,VISIT
76,83.0,76.33333333333333,77.4,80.0,74.0,72.0,75.0,72.5,LOCAL
77,84.0,76.4,73.33333333333333,74.5,83.0,77.5,77.75,81.5,LOCAL
78,81.0,80.0,75.66666666666667,84.5,79.0,75.75,78.0,78.0,LOCAL
79,75.0,74.0,76.5,77.0,70.0,72.75,76.33333333333333,77.0,VISIT
80,86.0,82.0,85.0,89.33333333333333,71.0,72.0,72.75,73.5,LOCAL
81,83.0,80.75,80.33333333333333,82.66666666666667,72.0,70.75,70.0,66.0,LOCAL
82,89.0,82.25,84.33333333333333,85.33333333333333,79.0,76.75,77.33333333333333,80.0,LOCAL
83,78.0,74.2,74.33333333333333,84.0,88.0,78.8,81.75,85.0,DRAW
84,83.0,77.0,77.25,79.5,79.0,75.25,71.0,75.0,LOCAL
85,82.0,75.0,76.33333333333333,80.0,65.0,74.5,73.2,69.0,VISIT
86,83.0,75.5,74.66666666666667,79.33333333333333,66.0,74.0,74.66666666666667,73.33333333333333,LOCAL
87,85.0,77.75,79.0,79.0,82.0,75.0,73.0,77.0,VISIT
88,83.0,72.2,71.66666666666667,76.0,75.0,72.8,75.33333333333333,74.0,VISIT
89,75.0,71.4,72.0,72.0,77.0,74.75,75.25,76.5,LOCAL
90,82.0,82.75,79.33333333333333,81.33333333333333,79.0,75.6,73.66666666666667,79.0,LOCAL
91,76.0,76.5,78.5,77.5,64.0,86.5,87.5,91.5,DRAW
92,89.0,82.2,85.33333333333333,86.0,72.0,69.2,76.33333333333333,75.5,LOCAL
93,79.0,71.5,75.2,75.0,82.0,75.0,75.6,74.0,LOCAL
94,88.0,81.0,84.0,84.0,81.0,75.0,76.66666666666667,76.0,LOCAL
95,75.0,75.2,74.33333333333333,73.0,65.0,74.66666666666667,73.5,77.0,LOCAL
96,83.0,74.75,77.33333333333333,80.0,77.0,72.6,75.66666666666667,78.5,DRAW
97,80.0,75.5,76.0,79.0,73.0,75.5,77.0,74.0,DRAW
98,88.0,79.5,81.2,85.0,83.0,80.75,82.66666666666667,85.0,DRAW
99,79.0,72.5,74.5,72.5,82.0,72.5,76.33333333333333,76.33333333333333,LOCAL
100,88.0,77.0,81.4,85.0,82.0,71.2,76.0,78.5,VISIT
101,84.0,77.75,77.25,74.5,85.0,78.75,78.0,78.0,LOCAL
102,73.0,75.0,73.5,72.5,75.0,75.2,76.25,77.0,DRAW
103,82.0,73.0,76.25,78.0,79.0,76.0,75.75,78.5,DRAW
104,62.0,67.5,69.4,73.0,74.0,69.5,72.0,73.33333333333333,LOCAL
105,78.0,70.0,72.0,73.66666666666667,62.0,67.25,70.0,72.5,DRAW
106,80.0,79.75,80.33333333333333,80.0,78.0,71.75,73.33333333333333,72.5,LOCAL
107,74.0,73.33333333333333,73.4,75.5,80.0,74.0,75.0,75.0,DRAW
108,80.0,74.8,75.25,76.0,86.0,82.0,80.8,85.0,LOCAL
109,79.0,77.0,79.66666666666667,78.66666666666667,83.0,75.33333333333333,75.4,79.0,LOCAL
110,72.0,71.5,71.5,71.0,74.0,71.5,75.25,81.5,LOCAL
111,78.0,74.0,78.0,77.0,71.0,69.0,74.0,64.33333333333333,LOCAL
112,83.0,75.33333333333333,72.4,73.5,72.0,70.0,70.0,69.75,LOCAL
113,79.0,77.0,79.25,81.0,91.0,80.2,78.25,88.0,DRAW
114,84.0,76.25,76.5,76.0,79.0,74.25,74.75,73.0,DRAW
115,78.0,74.25,73.0,73.33333333333333,84.0,78.25,78.5,80.5,LOCAL
116,78.0,71.75,75.25,77.0,75.0,75.4,74.33333333333333,70.5,VISIT
117,74.0,75.75,73.33333333333333,73.0,83.0,74.75,77.33333333333333,80.0,VISIT
118,79.0,76.5,79.2,78.0,79.0,74.8,73.66666666666667,77.0,DRAW
119,81.0,76.5,77.25,77.5,81.0,76.25,77.0,78.33333333333333,DRAW
120,78.0,82.0,79.25,82.5,80.0,77.0,76.25,81.0,LOCAL
121,89.0,83.0,84.0,87.5,80.0,77.0,76.25,81.0,DRAW
122,69.0,77.0,77.25,79.5,74.0,76.5,76.66666666666667,80.0,LOCAL
123,78.0,71.2,72.33333333333333,70.0,74.0,72.0,74.66666666666667,74.0,DRAW
124,75.0,72.8,73.5,74.0,74.0,71.0,74.0,74.0,DRAW
125,65.0,73.66666666666667,73.2,77.0,79.0,75.4,74.0,77.0,LOCAL
126,77.0,74.75,76.25,78.5,84.0,78.25,77.0,75.66666666666667,LOCAL
127,68.0,70.0,73.66666666666667,67.66666666666667,85.0,80.0,81.25,81.5,VISIT
128,68.0,70.0,72.8,68.0,69.0,75.5,77.25,79.5,LOCAL
129,73.0,76.0,75.25,75.0,82.0,74.5,72.0,73.0,VISIT
130,80.0,77.0,78.66666666666667,80.0,75.0,76.75,77.25,78.5,LOCAL
131,80.0,77.0,80.33333333333333,83.66666666666667,88.0,81.0,84.0,84.0,DRAW
132,79.0,74.5,69.66666666666667,77.0,78.0,76.0,76.6,79.5,LOCAL
133,80.0,73.75,73.75,77.0,81.0,76.5,72.0,75.5,VISIT
134,78.0,74.25,74.75,71.0,88.0,81.25,82.75,86.5,VISIT
135,79.0,76.0,71.0,74.0,84.0,76.75,76.33333333333333,74.33333333333333,VISIT
136,80.0,77.0,77.8,79.0,78.0,71.75,75.0,74.66666666666667,DRAW
137,83.0,76.0,79.75,76.0,71.0,75.5,74.2,76.0,LOCAL
138,82.0,80.75,76.25,82.0,75.0,77.75,78.66666666666667,78.66666666666667,LOCAL
139,88.0,81.0,81.25,80.5,70.0,73.6,77.0,77.0,DRAW
140,84.0,82.0,85.2,83.0,80.0,74.8,74.0,77.0,LOCAL
141,79.0,74.8,73.66666666666667,76.0,78.0,70.0,72.0,73.66666666666667,VISIT
142,79.0,77.0,74.8,69.5,76.0,82.2,84.25,79.0,VISIT
143,75.0,74.0,76.5,77.0,75.0,76.0,76.5,79.0,LOCAL
144,78.0,72.75,74.75,77.0,75.0,74.25,74.8,74.0,DRAW
145,85.0,78.5,80.5,83.0,83.0,77.25,77.0,79.33333333333333,LOCAL
146,82.0,72.5,75.75,73.0,74.0,73.33333333333333,73.4,75.5,LOCAL
147,69.0,73.0,70.0,69.0,82.0,75.2,74.25,80.0,VISIT
148,82.0,79.25,80.5,79.5,74.0,75.2,74.33333333333333,70.0,LOCAL
149,78.0,74.0,73.0,74.66666666666667,82.0,76.5,76.75,80.0,VISIT
150,66.0,68.75,73.5,71.25,75.0,74.0,74.0,78.0,DRAW
151,79.0,80.66666666666667,76.8,80.0,75.0,75.8,77.75,78.0,DRAW
152,82.0,78.75,78.4,68.0,86.0,84.25,85.0,87.0,DRAW
153,80.0,74.8,75.25,76.0,80.0,78.25,80.33333333333333,83.66666666666667,LOCAL
154,73.0,72.75,72.0,77.0,75.0,74.0,75.6,78.0,LOCAL
155,82.0,78.33333333333333,78.66666666666667,68.0,88.0,84.0,81.75,86.5,VISIT
156,80.0,73.5,75.0,73.33333333333333,78.0,75.0,74.75,78.5,VISIT
157,79.0,75.75,72.75,76.0,78.0,71.0,72.8,72.0,DRAW
158,85.0,78.33333333333333,78.8,78.0,75.0,72.5,71.0,75.0,LOCAL
159,91.0,79.75,83.25,87.0,78.0,75.75,74.8,88.0,LOCAL
160,84.0,82.66666666666667,84.8,84.0,79.0,75.25,76.5,76.0,LOCAL
161,73.0,78.25,79.25,78.0,81.0,76.75,79.0,82.0,LOCAL
162,79.0,72.5,76.0,71.5,75.0,73.6,75.0,74.0,DRAW
163,81.0,79.25,79.0,84.0,78.0,75.25,74.75,71.0,LOCAL
164,88.0,79.5,82.0,75.5,80.0,73.75,75.0,73.66666666666667,LOCAL
165,74.0,71.5,73.0,75.5,75.0,74.2,72.0,74.0,LOCAL
166,75.0,74.5,74.75,74.0,74.0,73.5,75.0,71.66666666666667,LOCAL
167,62.0,67.25,70.5,72.0,77.0,72.4,73.33333333333333,73.0,LOCAL
168,82.0,79.75,80.25,76.0,82.0,73.0,76.25,78.0,LOCAL
169,81.0,81.0,80.75,81.66666666666667,78.0,74.5,75.33333333333333,79.33333333333333,VISIT
170,78.0,74.0,75.0,71.0,80.0,78.25,80.0,78.0,VISIT
171,76.0,74.75,75.5,77.0,83.0,76.66666666666667,75.0,78.0,DRAW
172,79.0,70.5,74.75,72.5,79.0,77.0,78.0,81.0,DRAW
173,80.0,73.25,74.75,74.5,83.0,74.0,71.75,70.0,LOCAL
174,89.0,83.0,82.5,85.5,66.0,71.0,71.66666666666667,71.33333333333333,LOCAL
175,78.0,76.0,77.75,79.0,75.0,74.16666666666667,76.0,74.0,DRAW
176,74.0,71.0,74.0,74.5,79.0,72.66666666666667,74.2,74.0,DRAW
177,82.0,82.0,81.4,89.0,75.0,74.0,75.66666666666667,74.0,LOCAL
178,83.0,76.66666666666667,77.5,79.33333333333333,84.0,79.0,75.4,76.0,DRAW
179,66.0,72.66666666666667,71.75,70.33333333333333,81.0,81.0,82.25,79.33333333333333,VISIT
180,79.0,77.33333333333333,75.75,81.0,84.0,83.66666666666667,84.0,83.0,VISIT
181,75.0,74.66666666666667,74.8,74.0,79.0,76.25,73.0,74.0,VISIT
182,73.0,74.25,73.4,77.0,62.0,80.0,80.5,76.5,VISIT
183,75.0,74.66666666666667,79.33333333333333,84.0,80.0,74.2,75.0,78.0,DRAW
184,76.0,85.0,84.25,86.0,83.0,78.25,74.6,79.0,LOCAL
185,73.0,75.0,73.5,75.0,88.0,84.25,81.75,86.5,VISIT
186,89.0,84.33333333333333,82.8,85.5,82.0,73.5,76.25,78.0,LOCAL
187,75.0,74.25,73.5,72.0,81.0,75.4,77.5,78.0,LOCAL
188,72.0,70.6,70.0,64.5,75.0,80.0,77.6,77.0,DRAW
189,83.0,71.0,75.75,78.0,78.0,74.0,78.0,77.0,VISIT
190,83.0,77.0,77.75,79.5,76.0,77.5,76.75,79.5,VISIT
191,81.0,75.75,77.5,77.5,70.0,75.0,73.0,74.5,LOCAL
192,79.0,74.8,73.66666666666667,79.0,74.0,77.25,77.5,81.5,LOCAL
193,71.0,75.0,75.75,73.5,76.0,78.25,77.5,79.5,VISIT
194,82.0,75.25,76.0,75.66666666666667,74.0,69.75,72.75,74.5,DRAW
195,78.0,71.8,72.66666666666667,74.5,84.0,75.25,76.33333333333333,75.66666666666667,VISIT
196,75.0,73.0,74.75,72.0,72.0,71.0,77.5,80.0,VISIT
197,79.0,75.75,75.0,69.5,69.0,75.4,72.0,75.0,LOCAL
198,82.0,81.66666666666667,80.0,76.0,79.0,70.5,74.5,72.5,LOCAL
199,82.0,73.0,75.66666666666667,76.33333333333333,66.0,73.5,71.75,69.75,LOCAL
200,79.0,77.0,73.75,70.66666666666667,79.0,73.33333333333333,74.6,77.0,LOCAL
201,83.0,76.5,78.8,82.0,88.0,83.0,82.0,83.33333333333333,LOCAL
202,72.0,71.5,74.0,71.0,77.0,74.75,71.33333333333333,75.33333333333333,DRAW
203,66.0,72.66666666666667,67.33333333333333,69.25,79.0,77.5,74.66666666666667,80.0,LOCAL
204,77.0,71.25,69.25,75.0,68.0,70.4,73.66666666666667,67.5,LOCAL
205,83.0,77.0,73.33333333333333,78.66666666666667,75.0,71.75,71.66666666666667,72.0,LOCAL
206,84.0,76.75,76.33333333333333,73.33333333333333,75.0,73.75,73.5,73.0,LOCAL
207,72.0,70.75,70.33333333333333,67.66666666666667,74.0,68.25,72.75,74.5,VISIT
208,74.0,69.75,70.25,75.5,79.0,77.0,76.66666666666667,81.5,VISIT
209,83.0,79.25,81.33333333333333,82.66666666666667,75.0,72.2,69.0,73.0,LOCAL
210,73.0,78.66666666666667,81.5,79.0,78.0,69.5,75.66666666666667,70.33333333333333,LOCAL
211,72.0,70.75,70.0,64.66666666666667,82.0,83.0,82.5,89.0,DRAW
212,70.0,73.6,77.33333333333333,77.0,73.0,75.2,76.0,74.0,LOCAL
213,83.0,77.0,74.33333333333333,80.0,83.0,77.0,75.8,81.0,DRAW
214,74.0,71.75,74.5,74.0,78.0,74.0,74.5,70.33333333333333,DRAW
215,74.0,72.0,74.66666666666667,74.0,62.0,69.0,71.25,73.0,DRAW
216,85.0,82.5,83.0,89.66666666666667,70.0,75.0,71.5,74.5,LOCAL
217,85.0,86.5,87.66666666666667,87.33333333333333,81.0,78.4,78.5,81.0,DRAW
218,83.0,77.25,79.0,79.5,71.0,74.25,73.8,74.0,LOCAL
219,73.0,74.75,76.0,74.0,73.0,69.66666666666667,69.0,74.5,VISIT
220,65.0,75.25,73.2,69.0,79.0,75.75,77.4,78.0,DRAW
221,80.0,77.75,79.66666666666667,83.66666666666667,79.0,77.0,79.25,81.0,LOCAL
222,66.0,72.66666666666667,69.0,70.5,78.0,75.0,74.66666666666667,79.0,VISIT
223,79.0,73.75,74.0,75.66666666666667,82.0,77.33333333333333,74.0,75.66666666666667,LOCAL
224,82.0,74.66666666666667,75.6,75.0,75.0,70.8,72.0,72.5,DRAW
225,82.0,77.25,76.33333333333333,75.66666666666667,72.0,77.0,72.75,70.66666666666667,DRAW
226,79.0,77.0,78.0,81.0,82.0,80.75,80.33333333333333,79.33333333333333,DRAW
227,84.0,78.25,74.25,76.0,74.0,75.5,73.33333333333333,73.0,DRAW
228,84.0,77.25,79.25,79.0,81.0,79.0,78.6,81.0,VISIT
229,89.0,83.0,83.5,87.5,83.0,75.33333333333333,77.0,79.0,DRAW
230,81.0,76.75,78.33333333333333,78.33333333333333,79.0,74.5,79.66666666666667,78.66666666666667,DRAW
231,78.0,70.0,72.25,71.5,72.0,69.83333333333333,74.0,67.0,DRAW
232,82.0,75.25,76.0,77.0,70.0,74.0,74.33333333333333,77.0,VISIT
233,84.0,78.0,78.25,77.5,74.0,75.2,73.33333333333333,73.0,DRAW
234,84.0,78.25,76.4,82.0,88.0,82.0,82.0,84.33333333333333,LOCAL
235,83.0,77.0,77.25,76.0,80.0,83.75,81.75,85.5,LOCAL
236,71.0,69.0,72.5,62.0,75.0,73.2,73.33333333333333,74.0,DRAW
237,73.0,75.25,76.5,74.0,80.0,76.5,76.66666666666667,76.66666666666667,LOCAL
238,68.0,75.25,74.66666666666667,74.66666666666667,77.0,74.0,73.0,76.0,LOCAL
239,75.0,70.8,72.0,71.33333333333333,85.0,78.75,77.5,78.0,DRAW
240,82.0,81.0,78.0,76.0,69.0,73.0,66.0,71.5,LOCAL
241,82.0,79.5,80.33333333333333,74.66666666666667,71.0,70.0,72.5,62.0,VISIT
242,75.0,77.25,75.66666666666667,79.0,83.0,77.0,77.5,74.0,DRAW
243,75.0,74.25,74.75,76.5,75.0,76.75,77.0,79.0,DRAW
244,77.0,74.0,75.75,75.5,91.0,79.0,83.25,81.5,LOCAL
245,77.0,71.25,73.0,74.66666666666667,78.0,74.0,72.0,73.0,VISIT
246,79.0,76.25,74.5,77.5,80.0,74.8,72.33333333333333,75.5,DRAW
247,73.0,76.0,75.25,75.0,83.0,75.25,77.0,79.0,LOCAL
248,75.0,73.0,72.0,74.0,79.0,76.8,77.75,81.0,VISIT
249,72.0,76.0,78.5,79.0,74.0,74.33333333333333,76.66666666666667,77.0,DRAW
250,88.0,82.33333333333333,81.75,81.0,75.0,77.5,76.66666666666667,79.0,LOCAL
251,75.0,72.0,75.25,74.0,82.0,79.25,80.0,80.0,DRAW
252,75.0,74.66666666666667,74.25,73.0,81.0,73.0,75.5,79.0,DRAW
253,61.0,69.25,72.75,67.5,78.0,69.0,72.4,71.0,LOCAL
254,75.0,76.75,77.5,76.0,86.0,84.25,86.5,88.5,VISIT
255,75.0,74.33333333333333,75.0,69.0,85.0,76.5,77.5,79.0,VISIT
256,79.0,74.6,78.0,78.0,69.0,75.5,70.0,74.0,VISIT
257,75.0,71.4,67.75,76.0,79.0,74.66666666666667,78.4,72.0,VISIT
258,78.0,74.0,76.25,76.5,75.0,75.0,76.0,84.0,VISIT
259,82.0,75.4,75.75,78.0,69.0,75.5,69.6,74.0,LOCAL
260,75.0,76.5,76.66666666666667,79.0,78.0,74.25,73.0,73.33333333333333,LOCAL
261,66.0,70.5,66.5,70.5,79.0,72.5,78.0,75.5,LOCAL
262,85.0,81.25,83.5,87.75,78.0,74.5,74.66666666666667,74.5,LOCAL
263,74.0,70.66666666666667,71.2,77.0,70.0,72.6,74.33333333333333,82.0,LOCAL
264,79.0,75.6,73.66666666666667,79.0,78.0,73.5,76.75,79.5,DRAW
265,82.0,74.25,76.33333333333333,73.0,80.0,73.25,74.66666666666667,73.33333333333333,LOCAL
266,72.0,70.75,71.0,68.0,81.0,79.0,78.0,82.0,VISIT
267,74.0,76.0,77.2,75.0,73.0,72.0,72.5,72.0,VISIT
268,79.0,76.0,76.33333333333333,80.0,75.0,72.8,75.66666666666667,74.0,LOCAL
269,74.0,76.75,78.33333333333333,80.0,80.0,81.5,84.25,85.5,VISIT
270,88.0,81.0,84.0,84.0,86.0,82.0,82.4,88.0,LOCAL
271,75.0,79.75,77.66666666666667,79.66666666666667,73.0,73.0,73.5,75.0,VISIT
272,88.0,82.5,82.66666666666667,83.0,73.0,75.0,76.5,74.0,LOCAL
273,78.0,75.25,77.75,76.5,89.0,85.0,84.0,86.5,VISIT
274,76.0,83.75,86.75,88.5,82.0,75.0,75.5,75.66666666666667,DRAW
275,81.0,72.0,74.0,76.66666666666667,73.0,72.75,69.6,77.0,DRAW
276,79.0,77.0,78.0,81.0,74.0,70.25,70.66666666666667,74.5,LOCAL
277,75.0,74.0,74.75,76.0,78.0,79.0,81.25,86.5,VISIT
278,78.0,77.5,75.8,83.0,73.0,76.5,78.5,79.0,LOCAL
279,75.0,76.0,79.8,84.0,89.0,82.5,83.0,85.5,VISIT
280,81.0,73.6,77.66666666666667,76.0,70.0,72.5,74.2,74.0,VISIT
281,83.0,75.25,81.25,70.5,70.0,74.25,74.25,74.5,VISIT
282,72.0,63.333333333333336,69.6,67.0,81.0,69.5,75.33333333333333,77.33333333333333,VISIT
283,73.0,74.5,71.2,77.0,68.0,70.0,72.6,67.5,DRAW
284,84.0,75.25,76.25,74.5,76.0,83.0,84.33333333333333,88.5,VISIT
285,79.0,76.75,77.33333333333333,77.5,77.0,74.0,75.75,75.5,LOCAL
286,79.0,76.25,74.75,78.0,83.0,75.25,79.5,79.0,VISIT
287,80.0,75.5,77.33333333333333,74.0,81.0,77.5,77.5,79.5,LOCAL
288,79.0,76.25,74.5,77.5,80.0,77.5,81.0,81.33333333333333,DRAW
289,84.0,78.25,78.6,76.0,71.0,75.0,73.8,73.0,LOCAL
290,78.0,73.5,73.75,75.5,85.0,81.75,84.25,84.0,VISIT
291,91.0,81.25,77.0,85.0,80.0,77.0,79.66666666666667,83.66666666666667,LOCAL
292,74.0,70.25,73.0,72.5,83.0,80.75,82.66666666666667,85.0,VISIT
293,81.0,78.5,83.75,77.0,79.0,77.0,76.66666666666667,78.66666666666667,LOCAL
294,78.0,70.2,74.5,70.66666666666667,73.0,74.5,73.4,77.0,LOCAL
295,83.0,77.0,75.33333333333333,79.33333333333333,74.0,71.75,74.0,74.0,LOCAL
296,83.0,77.0,77.0,79.0,75.0,73.5,71.4,76.0,LOCAL
297,68.0,70.75,73.66666666666667,67.66666666666667,78.0,73.4,72.0,72.5,DRAW
298,81.0,74.0,77.0,67.0,80.0,75.5,77.33333333333333,74.0,LOCAL
299,70.0,75.0,70.33333333333333,72.5,75.0,77.25,76.0,76.66666666666667,LOCAL
300,79.0,72.33333333333333,74.0,75.5,83.0,71.75,72.25,70.0,VISIT
301,84.0,76.75,76.33333333333333,74.66666666666667,78.0,70.4,72.66666666666667,70.0,DRAW
302,78.0,73.8,70.0,73.0,85.0,78.0,76.8,82.0,DRAW
303,82.0,77.66666666666667,76.75,78.0,84.0,78.25,76.33333333333333,74.66666666666667,LOCAL
304,72.0,72.0,74.8,75.0,84.0,76.75,76.33333333333333,74.33333333333333,DRAW
305,79.0,75.6,78.0,81.0,72.0,70.0,70.66666666666667,68.5,LOCAL
306,81.0,75.8,77.25,77.0,88.0,82.0,84.0,84.0,VISIT
307,69.0,74.25,70.0,66.0,84.0,78.33333333333333,78.6,77.5,DRAW
308,78.0,75.25,74.66666666666667,79.33333333333333,83.0,80.75,80.33333333333333,85.0,VISIT
309,81.0,76.0,76.33333333333333,73.66666666666667,86.0,82.6,85.0,92.5,VISIT
310,81.0,79.66666666666667,77.0,79.33333333333333,83.0,72.0,75.0,76.0,LOCAL
311,82.0,81.0,80.0,76.0,82.0,73.2,74.33333333333333,78.5,DRAW
312,80.0,82.25,77.5,90.0,68.0,70.2,73.66666666666667,68.5,LOCAL
313,75.0,70.5,72.0,72.5,76.0,84.8,85.33333333333333,82.5,VISIT
314,83.0,72.25,70.5,76.5,74.0,72.25,72.5,75.5,LOCAL
315,80.0,83.0,81.4,88.0,85.0,76.4,81.25,84.0,LOCAL
316,72.0,70.75,69.5,69.75,80.0,74.0,74.33333333333333,76.66666666666667,LOCAL
317,81.0,76.4,77.5,78.0,73.0,76.0,75.66666666666667,76.0,VISIT
318,72.0,76.5,77.66666666666667,72.0,86.0,73.0,78.4,84.0,LOCAL
319,75.0,74.25,74.75,76.5,78.0,74.25,73.0,73.33333333333333,LOCAL
320,81.0,75.0,77.5,73.66666666666667,75.0,73.75,73.0,76.5,LOCAL
321,82.0,78.75,80.0,76.0,75.0,80.33333333333333,78.66666666666667,77.0,LOCAL
322,76.0,78.25,79.0,79.5,85.0,81.5,87.5,91.5,DRAW
323,79.0,82.75,84.0,87.5,88.0,81.0,83.0,82.0,VISIT
324,78.0,69.0,72.5,70.0,81.0,74.33333333333333,77.2,77.5,VISIT
325,72.0,70.75,70.33333333333333,66.66666666666667,78.0,74.75,74.66666666666667,75.66666666666667,DRAW
326,82.0,75.75,73.0,76.0,81.0,76.4,78.33333333333333,76.0,LOCAL
327,83.0,75.6,76.0,80.0,82.0,78.25,78.8,68.0,VISIT
328,71.0,73.25,76.66666666666667,75.33333333333333,74.0,75.5,76.0,75.0,LOCAL
329,72.0,70.75,71.0,68.0,82.0,73.0,76.25,75.5,LOCAL
330,89.0,83.66666666666667,82.8,89.0,80.0,71.8,74.0,73.0,LOCAL
331,74.0,71.75,74.66666666666667,74.0,75.0,74.0,74.6,78.0,LOCAL
332,75.0,74.0,74.75,79.0,75.0,79.0,80.33333333333333,80.0,VISIT
333,82.0,75.25,76.0,76.0,79.0,76.0,76.33333333333333,76.66666666666667,DRAW
334,85.0,76.5,77.5,79.0,84.0,78.0,80.0,77.0,VISIT
335,75.0,76.4,77.75,78.0,80.0,80.33333333333333,84.0,84.0,VISIT
336,78.0,73.5,78.0,77.0,83.0,80.75,82.66666666666667,85.0,LOCAL
337,83.0,80.75,82.66666666666667,85.0,83.0,72.0,72.25,70.0,LOCAL
338,81.0,77.25,79.0,84.0,80.0,78.25,77.75,80.5,DRAW
339,80.0,77.0,80.0,83.66666666666667,70.0,74.25,73.0,75.0,LOCAL
340,89.0,84.5,83.0,89.0,82.0,79.75,80.0,80.0,LOCAL
341,71.0,70.0,71.66666666666667,64.0,72.0,70.2,68.0,66.5,LOCAL
342,70.0,74.25,74.25,74.5,86.0,77.5,75.5,86.5,LOCAL
343,75.0,74.6,76.5,77.0,74.0,75.33333333333333,78.0,75.0,VISIT
344,84.0,79.0,76.2,82.0,80.0,79.0,80.33333333333333,78.33333333333333,LOCAL
345,81.0,79.66666666666667,82.0,79.33333333333333,82.0,81.75,84.0,87.0,DRAW
346,73.0,74.75,78.0,73.5,78.0,74.25,75.0,73.0,LOCAL
347,74.0,75.0,73.33333333333333,75.0,79.0,76.2,79.0,66.0,VISIT
348,84.0,82.66666666666667,83.83333333333333,84.0,91.0,81.25,83.25,87.0,VISIT
349,88.0,81.0,82.75,84.0,70.0,74.25,74.25,74.5,LOCAL
350,88.0,81.5,82.75,84.0,79.0,78.0,77.75,81.0,DRAW
351,75.0,74.0,74.0,78.0,81.0,72.0,75.66666666666667,77.66666666666667,LOCAL
352,75.0,74.25,74.8,79.0,82.0,78.75,79.5,80.0,LOCAL
353,76.0,77.5,76.66666666666667,77.33333333333333,73.0,74.75,76.5,67.5,LOCAL
354,70.0,70.0,72.33333333333333,69.33333333333333,81.0,69.5,75.33333333333333,76.66666666666667,VISIT
355,78.0,74.0,77.2,77.0,74.0,69.75,71.0,74.0,DRAW
356,79.0,77.0,78.66666666666667,80.33333333333333,81.0,76.4,77.5,78.33333333333333,LOCAL
357,81.0,76.4,77.5,78.0,82.0,75.66666666666667,73.0,76.5,DRAW
358,85.0,86.5,85.33333333333333,88.33333333333333,88.0,82.25,82.25,86.5,DRAW
359,75.0,78.25,77.0,79.0,71.0,73.75,75.2,74.0,DRAW
360,75.0,74.0,73.25,74.0,62.0,67.8,67.75,73.0,LOCAL
361,76.0,85.0,86.25,88.5,82.0,80.25,80.5,79.5,LOCAL
362,82.0,75.2,73.33333333333333,72.5,88.0,82.0,84.0,84.0,VISIT
363,74.0,75.0,73.4,77.0,74.0,71.0,74.0,74.0,LOCAL
364,82.0,78.33333333333333,78.66666666666667,81.0,73.0,74.5,72.25,72.0,DRAW
365,74.0,71.5,73.5,71.25,72.0,72.0,71.5,71.0,LOCAL
366,80.0,76.0,81.5,81.0,81.0,76.8,78.33333333333333,75.5,DRAW
367,82.0,72.6,74.33333333333333,78.5,83.0,80.75,80.33333333333333,85.0,DRAW
368,78.0,71.75,74.0,72.5,81.0,73.0,76.75,67.0,VISIT
369,75.0,74.25,74.8,79.0,73.0,74.75,77.0,74.0,DRAW
370,83.0,71.0,73.0,76.5,69.0,75.8,78.0,78.66666666666667,VISIT
371,75.0,74.0,76.0,74.5,75.0,76.5,72.66666666666667,79.66666666666667,VISIT
372,83.0,72.66666666666667,72.8,70.0,82.0,82.0,80.0,79.33333333333333,VISIT
373,84.0,77.5,78.85714285714286,79.0,83.0,77.5,77.33333333333333,81.33333333333333,DRAW
374,74.0,69.8,73.5,74.5,71.0,67.5,70.5,69.5,LOCAL
375,73.0,74.0,75.0,69.66666666666667,70.0,76.5,79.0,82.0,VISIT
376,77.0,72.75,73.5,72.5,62.0,67.5,66.8,73.0,LOCAL
377,88.0,77.66666666666667,81.6,84.0,72.0,76.5,80.75,78.0,LOCAL
378,74.0,71.0,73.33333333333333,74.5,81.0,77.66666666666667,81.75,78.5,VISIT
379,79.0,72.75,77.5,72.5,82.0,73.0,73.0,78.0,DRAW
380,63.0,74.0,74.33333333333333,76.66666666666667,81.0,81.0,83.75,79.33333333333333,DRAW
381,76.0,86.25,86.25,88.5,84.0,77.5,79.0,77.0,LOCAL
382,80.0,79.75,80.33333333333333,80.0,80.0,74.25,75.75,71.0,LOCAL
383,85.0,79.66666666666667,78.8,79.0,76.0,83.75,86.2,86.0,VISIT
384,73.0,72.25,73.4,77.0,79.0,75.25,70.5,75.0,DRAW
385,79.0,77.0,74.5,70.66666666666667,84.0,77.5,77.33333333333333,77.5,VISIT
386,73.0,76.0,75.25,75.0,77.0,74.0,74.75,75.5,DRAW
387,83.0,78.25,74.6,75.0,85.0,79.66666666666667,80.0,78.66666666666667,VISIT
388,75.0,74.2,73.33333333333333,74.0,75.0,75.0,78.66666666666667,84.0,VISIT
389,78.0,76.0,79.8,78.5,82.0,79.25,80.66666666666667,81.66666666666667,DRAW
390,86.0,82.0,86.5,87.5,73.0,75.0,72.75,72.0,DRAW
391,79.0,75.8,78.0,74.66666666666667,75.0,75.66666666666667,76.5,84.0,VISIT
392,77.0,74.75,75.5,78.5,83.0,78.25,74.6,79.0,DRAW
393,77.0,72.5,76.5,78.5,78.0,73.33333333333333,77.8,79.5,DRAW
394,78.0,71.25,74.75,76.5,79.0,71.25,75.4,76.0,LOCAL
395,84.0,76.75,76.33333333333333,74.33333333333333,80.0,80.75,78.2,83.0,DRAW
396,81.0,77.0,78.66666666666667,79.0,83.0,77.0,75.33333333333333,77.0,VISIT
397,78.0,71.75,74.0,77.0,71.0,72.25,75.0,75.0,LOCAL
398,79.0,75.0,75.83333333333333,75.0,71.0,70.0,73.0,60.5,LOCAL
399,82.0,75.75,73.5,76.5,91.0,79.75,82.0,81.5,VISIT
400,81.0,73.25,74.0,75.66666666666667,74.0,69.75,71.5,71.0,DRAW
401,88.0,77.0,80.8,80.0,71.0,70.0,72.0,62.0,LOCAL
402,77.0,74.33333333333333,75.33333333333333,76.0,83.0,75.25,80.0,79.0,VISIT
403,77.0,74.75,76.0,82.0,76.0,77.0,72.75,77.0,DRAW
404,81.0,79.66666666666667,82.33333333333333,77.33333333333333,82.0,79.75,80.0,76.0,VISIT
405,74.0,75.2,74.33333333333333,72.0,78.0,73.33333333333333,79.0,79.0,VISIT
406,73.0,74.5,73.4,77.0,74.0,68.2,68.0,72.0,LOCAL
407,78.0,74.4,74.33333333333333,84.0,83.0,71.5,74.5,76.5,LOCAL
408,68.0,70.5,73.25,68.0,72.0,68.0,72.0,71.0,DRAW
409,88.0,81.0,83.0,86.0,84.0,83.66666666666667,85.0,83.0,VISIT
410,72.0,70.75,69.5,67.0,82.0,73.0,76.0,77.0,LOCAL
411,74.0,67.66666666666667,75.5,71.25,78.0,74.2,74.5,70.0,DRAW
412,77.0,73.5,74.75,72.0,79.0,82.75,83.0,85.0,VISIT
413,83.0,72.66666666666667,72.8,76.0,74.0,69.75,71.66666666666667,74.5,DRAW
414,75.0,74.25,73.5,72.0,79.0,80.66666666666667,77.33333333333333,80.33333333333333,VISIT
415,78.0,71.4,74.33333333333333,78.5,82.0,71.5,74.25,75.5,VISIT
416,79.0,75.75,77.4,72.0,84.0,79.66666666666667,78.83333333333333,79.0,VISIT
417,75.0,74.25,73.8,74.0,83.0,79.0,79.4,82.0,LOCAL
418,81.0,76.5,77.25,77.5,75.0,73.0,73.6,76.0,LOCAL
419,77.0,72.25,71.66666666666667,74.33333333333333,78.0,70.0,72.75,70.0,VISIT
420,76.0,83.0,85.25,88.5,79.0,75.75,71.0,73.66666666666667,VISIT
421,72.0,69.6,70.33333333333333,71.0,78.0,73.4,74.5,72.33333333333333,VISIT
422,74.0,71.75,73.25,74.0,84.0,76.75,76.33333333333333,73.33333333333333,VISIT
423,79.0,75.33333333333333,73.0,79.0,74.0,71.75,73.33333333333333,74.33333333333333,DRAW
424,88.0,81.75,83.33333333333333,83.33333333333333,71.0,71.0,75.75,71.0,LOCAL
425,78.0,78.5,75.2,76.0,75.0,76.75,77.5,79.0,DRAW
426,82.0,78.25,78.8,68.0,81.0,76.75,77.0,81.0,LOCAL
427,83.0,77.0,79.5,79.5,86.0,83.0,84.0,92.5,VISIT
428,72.0,70.2,76.33333333333333,75.5,88.0,80.33333333333333,82.83333333333333,86.0,VISIT
429,83.0,79.75,81.33333333333333,85.0,79.0,72.0,72.8,75.5,LOCAL
430,62.0,67.8,70.0,72.0,75.0,77.66666666666667,79.25,78.66666666666667,VISIT
431,81.0,77.33333333333333,77.2,80.5,72.0,71.5,71.5,71.0,LOCAL
432,74.0,71.33333333333333,75.33333333333333,70.66666666666667,74.0,71.8,74.66666666666667,74.0,VISIT
433,78.0,70.2,74.5,72.0,81.0,69.75,74.0,75.5,VISIT
434,72.0,72.0,76.75,70.5,83.0,80.75,80.33333333333333,85.0,VISIT
435,73.0,78.4,81.0,74.5,80.0,81.0,82.25,84.0,LOCAL
436,79.0,75.4,73.66666666666667,79.0,77.0,72.5,74.25,78.5,LOCAL
437,81.0,77.33333333333333,78.0,79.0,85.0,79.25,80.25,83.0,DRAW
438,73.0,76.0,75.25,75.0,89.0,81.75,83.0,83.66666666666667,VISIT
439,79.0,77.0,79.25,81.0,79.0,79.75,79.66666666666667,77.5,LOCAL
440,81.0,77.6,77.0,81.33333333333333,83.0,75.5,76.0,75.0,VISIT
441,81.0,69.5,74.0,77.33333333333333,77.0,74.0,72.66666666666667,74.33333333333333,LOCAL
442,75.0,74.6,75.5,74.0,72.0,70.75,70.0,66.0,VISIT
443,68.0,70.0,72.75,68.0,62.0,67.8,72.66666666666667,72.0,LOCAL
444,75.0,76.75,77.8,79.0,79.0,81.5,81.75,84.0,DRAW
445,77.0,73.5,73.33333333333333,74.0,74.0,71.0,75.33333333333333,73.33333333333333,VISIT
446,79.0,74.0,74.6,77.0,75.0,71.83333333333333,72.5,72.5,LOCAL
447,81.0,76.5,77.75,77.5,77.0,74.33333333333333,74.75,75.5,DRAW
448,63.0,74.75,69.66666666666667,77.0,77.0,73.0,75.25,78.5,VISIT
449,78.0,71.0,78.16666666666667,78.0,76.0,83.8,84.33333333333333,82.5,LOCAL
450,79.0,82.0,85.33333333333333,84.5,75.0,74.0,72.0,74.0,DRAW
451,84.0,79.75,75.25,79.0,75.0,77.5,76.5,78.0,DRAW
452,82.0,79.75,79.0,76.0,88.0,79.5,81.2,85.0,DRAW
453,82.0,75.0,76.0,76.5,78.0,76.0,75.66666666666667,74.0,LOCAL
454,79.0,80.66666666666667,78.0,80.33333333333333,80.0,80.5,81.0,76.66666666666667,DRAW
455,84.0,78.0,78.4,76.0,77.0,74.75,75.33333333333333,77.33333333333333,VISIT
456,89.0,83.0,84.0,86.5,82.0,76.0,76.0,77.66666666666667,LOCAL
457,74.0,70.8,73.0,74.0,72.0,73.0,71.75,75.0,VISIT
458,74.0,75.5,77.6,75.0,85.0,86.5,87.5,91.5,VISIT
459,78.0,74.4,74.33333333333333,84.0,82.0,81.0,80.0,81.0,DRAW
460,75.0,73.75,73.25,73.5,74.0,74.66666666666667,77.6,76.0,VISIT
461,76.0,78.25,78.5,82.5,78.0,71.75,74.2,75.0,LOCAL
462,86.0,82.0,82.4,88.0,79.0,75.2,81.0,77.5,LOCAL
463,80.0,77.0,80.66666666666667,83.66666666666667,82.0,75.75,72.75,78.5,LOCAL
464,79.0,76.8,75.33333333333333,77.5,73.0,76.66666666666667,75.66666666666667,76.0,VISIT
465,78.0,71.75,74.0,77.0,75.0,76.5,76.5,77.25,LOCAL
466,89.0,82.2,83.33333333333333,87.0,82.0,75.75,73.0,76.0,VISIT
467,85.0,78.0,77.16666666666667,84.0,74.0,72.25,74.0,69.5,DRAW
468,74.0,76.25,75.25,78.5,88.0,82.0,82.0,83.33333333333333,VISIT
469,78.0,70.8,74.33333333333333,84.0,79.0,76.0,75.5,74.66666666666667,LOCAL
470,86.0,82.0,80.6,85.0,72.0,74.25,76.2,80.0,LOCAL
471,73.0,78.33333333333333,79.2,72.5,84.0,79.25,76.2,82.0,DRAW
472,73.0,74.75,75.2,76.0,85.0,79.75,86.0,85.66666666666667,VISIT
473,74.0,72.0,73.25,69.5,72.0,64.0,71.5,68.33333333333333,LOCAL
474,78.0,76.25,77.75,77.0,88.0,77.25,81.6,85.0,DRAW
475,72.0,72.4,76.0,78.5,76.0,81.0,80.75,80.66666666666667,VISIT
476,75.0,73.0,77.0,77.5,78.0,74.0,72.0,73.0,DRAW
477,79.0,75.0,73.66666666666667,79.0,69.0,68.75,70.0,66.0,DRAW
478,78.0,71.2,74.5,73.66666666666667,78.0,71.6,73.33333333333333,70.0,DRAW
479,74.0,71.0,75.0,74.33333333333333,76.0,77.0,85.75,79.0,VISIT
480,77.0,73.0,76.0,82.0,85.0,75.33333333333333,77.6,79.0,DRAW
481,81.0,79.75,79.0,81.0,75.0,76.75,77.25,79.0,VISIT
482,79.0,76.5,74.33333333333333,67.5,77.0,75.75,75.25,78.5,VISIT
483,74.0,67.66666666666667,75.33333333333333,69.66666666666667,73.0,72.75,71.2,77.0,VISIT
484,65.0,73.2,69.0,76.0,80.0,80.0,77.0,59.0,DRAW
485,82.0,77.0,72.66666666666667,80.0,75.0,70.8,72.0,71.33333333333333,DRAW
486,80.0,79.0,80.0,78.33333333333333,70.0,76.5,77.8,77.0,LOCAL
487,71.0,72.75,76.66666666666667,74.33333333333333,78.0,74.25,74.75,75.5,LOCAL
488,72.0,71.5,73.5,71.0,68.0,75.0,74.75,74.5,LOCAL
489,82.0,72.4,76.0,78.5,71.0,72.5,77.2,74.0,LOCAL
490,74.0,76.5,76.66666666666667,80.0,65.0,73.33333333333333,72.75,75.33333333333333,LOCAL
491,82.0,71.0,73.0,76.5,71.0,70.0,73.25,71.0,DRAW
492,82.0,71.2,75.33333333333333,78.5,82.0,72.5,75.75,73.0,LOCAL
493,83.0,75.25,77.0,81.0,81.0,76.2,78.33333333333333,77.5,DRAW
494,76.0,83.25,86.25,88.5,77.0,74.5,76.0,82.0,LOCAL
495,81.0,76.75,77.0,82.0,75.0,74.0,76.5,77.0,LOCAL
496,83.0,79.0,80.33333333333333,85.0,79.0,76.2,76.66666666666667,78.5,DRAW
497,84.0,78.25,80.25,79.0,73.0,74.25,72.75,74.5,LOCAL
498,82.0,81.5,77.4,88.0,72.0,71.33333333333333,72.0,76.0,DRAW
499,79.0,75.25,75.25,78.0,91.0,79.0,83.2,82.0,VISIT
500,73.0,72.25,71.2,77.0,77.0,75.0,72.0,76.0,LOCAL
501,78.0,75.5,81.75,79.5,85.0,79.66666666666667,78.8,79.0,VISIT
502,73.0,74.0,76.0,76.0,84.0,82.75,85.75,84.0,DRAW
503,82.0,78.75,79.0,80.0,81.0,75.0,77.5,77.0,VISIT
504,78.0,76.66666666666667,75.2,79.5,86.0,79.33333333333333,81.0,82.66666666666667,DRAW
505,80.0,82.0,81.83333333333333,82.0,77.0,74.0,75.75,75.5,LOCAL
506,75.0,76.0,75.33333333333333,76.33333333333333,84.0,79.75,76.6,82.0,VISIT
507,71.0,70.0,68.0,62.0,69.0,72.25,68.75,73.0,LOCAL
508,76.0,77.5,77.0,79.5,83.0,75.25,77.75,80.0,DRAW
509,74.0,69.75,73.0,72.5,75.0,76.8,79.5,84.0,DRAW
510,78.0,72.75,74.0,72.5,76.0,76.66666666666667,75.0,79.5,LOCAL
511,86.0,81.75,84.5,88.5,75.0,73.75,74.8,79.0,LOCAL
512,83.0,77.5,74.0,81.33333333333333,79.0,75.75,75.0,76.0,LOCAL
513,82.0,80.75,76.25,82.0,63.0,74.5,69.66666666666667,77.0,VISIT
514,81.0,78.0,75.75,79.0,68.0,70.75,72.0,66.33333333333333,LOCAL
515,75.0,76.75,77.8,74.0,80.0,77.75,80.33333333333333,83.66666666666667,VISIT
516,74.0,71.5,74.66666666666667,74.0,77.0,72.4,69.0,76.0,LOCAL
517,75.0,74.6,75.33333333333333,74.0,82.0,73.0,74.33333333333333,76.5,VISIT
518,74.0,71.8,74.66666666666667,74.0,68.0,71.5,72.6,68.0,LOCAL
519,80.0,77.0,81.5,80.25,77.0,74.33333333333333,74.4,77.0,LOCAL
520,74.0,71.0,75.0,73.75,82.0,76.75,76.33333333333333,75.66666666666667,LOCAL
521,81.0,69.5,75.66666666666667,76.66666666666667,83.0,77.0,77.25,76.0,LOCAL
522,79.0,72.75,78.0,74.0,74.0,73.25,73.4,77.0,LOCAL
523,80.0,83.75,74.66666666666667,87.66666666666667,75.0,77.0,79.0,79.0,LOCAL
524,75.0,74.66666666666667,73.4,73.0,83.0,77.0,77.25,76.0,VISIT
525,70.0,73.6,76.5,77.0,74.0,74.66666666666667,77.16666666666667,75.0,LOCAL
526,71.0,75.0,75.0,74.5,86.0,81.66666666666667,86.66666666666667,87.0,LOCAL
527,76.0,77.33333333333333,73.8,77.0,82.0,81.5,77.6,79.0,DRAW
528,70.0,70.4,74.33333333333333,78.5,78.0,75.25,77.75,76.5,DRAW
529,79.0,71.6,76.0,73.0,82.0,81.33333333333333,81.4,86.5,VISIT
530,84.0,76.75,73.33333333333333,74.33333333333333,81.0,77.33333333333333,77.2,80.5,DRAW
531,72.0,72.6,72.5,74.0,73.0,72.0,73.4,71.0,LOCAL
532,79.0,74.25,70.66666666666667,72.33333333333333,84.0,78.0,79.0,76.0,VISIT
533,78.0,73.5,72.0,72.0,75.0,75.0,74.5,72.0,DRAW
534,82.0,74.25,76.75,78.0,81.0,81.0,82.25,78.33333333333333,DRAW
535,83.0,74.0,71.75,70.0,88.0,77.0,80.25,75.5,LOCAL
536,77.0,72.75,74.0,73.66666666666667,68.0,70.5,73.25,68.0,DRAW
537,76.0,74.25,73.25,73.5,63.0,77.25,74.0,72.0,LOCAL
538,79.0,75.25,73.0,74.0,62.0,69.4,71.66666666666667,72.0,LOCAL
539,81.0,76.4,77.5,78.33333333333333,89.0,83.25,83.0,87.0,LOCAL
540,74.0,70.75,72.75,74.5,75.0,79.4,80.0,84.0,VISIT
541,85.0,84.25,85.33333333333333,87.33333333333333,75.0,74.0,76.5,77.0,LOCAL
542,75.0,74.8,76.5,77.0,76.0,77.5,76.66666666666667,77.33333333333333,LOCAL
543,62.0,67.8,70.33333333333333,72.0,72.0,71.5,72.5,71.0,LOCAL
544,70.0,71.25,75.25,74.5,80.0,73.5,74.25,69.5,DRAW
545,70.0,73.75,72.25,73.0,76.0,76.25,78.5,78.0,DRAW
546,88.0,79.5,81.4,85.0,89.0,83.66666666666667,83.8,86.5,VISIT
547,66.0,72.33333333333333,71.5,70.33333333333333,72.0,70.75,70.33333333333333,70.33333333333333,VISIT
548,71.0,72.75,76.66666666666667,75.33333333333333,73.0,74.25,74.0,69.66666666666667,LOCAL
549,83.0,77.0,75.33333333333333,77.33333333333333,77.0,74.0,73.0,73.66666666666667,LOCAL
550,78.0,76.25,77.75,77.0,66.0,72.66666666666667,71.66666666666667,69.75,VISIT
551,83.0,77.5,75.25,81.5,82.0,77.25,74.25,77.0,LOCAL
552,79.0,74.5,77.5,75.0,82.0,75.0,75.6,76.5,VISIT
553,75.0,74.0,76.5,77.0,80.0,76.5,77.75,79.0,VISIT
554,89.0,83.0,83.5,86.0,80.0,77.8,81.0,83.66666666666667,LOCAL
555,82.0,75.0,75.6,76.5,83.0,77.5,75.25,81.5,LOCAL
556,84.0,82.66666666666667,84.8,83.0,75.0,73.66666666666667,75.0,76.0,DRAW
557,72.0,72.0,71.5,71.0,77.0,72.4,67.33333333333333,75.0,DRAW
558,73.0,74.5,76.5,74.5,86.0,80.25,82.5,92.5,DRAW
559,91.0,79.75,78.33333333333333,85.33333333333333,89.0,82.75,82.5,87.5,LOCAL
560,75.0,71.75,71.66666666666667,72.0,84.0,74.4,77.33333333333333,76.0,LOCAL
561,78.0,72.75,74.0,77.0,81.0,77.4,78.0,81.33333333333333,LOCAL
562,79.0,76.75,79.0,77.5,75.0,74.25,71.75,72.0,VISIT
563,91.0,80.66666666666667,77.5,87.0,75.0,73.8,70.0,71.0,LOCAL
564,85.0,84.25,88.0,85.0,75.0,77.66666666666667,76.33333333333333,79.0,LOCAL
565,84.0,74.8,75.0,76.0,84.0,77.33333333333333,77.4,76.0,DRAW
566,74.0,69.75,72.75,74.5,89.0,83.0,82.75,89.0,DRAW
567,73.0,75.0,72.0,72.5,75.0,74.25,73.0,73.5,DRAW
568,71.0,69.0,72.0,53.0,82.0,83.0,84.25,85.5,VISIT
569,75.0,76.75,76.0,74.0,81.0,76.2,78.33333333333333,77.5,DRAW
570,84.0,79.0,76.2,82.0,78.0,78.5,75.2,76.0,LOCAL
571,75.0,73.0,73.6,76.0,80.0,74.8,73.66666666666667,77.0,DRAW
572,81.0,77.33333333333333,77.2,80.5,79.0,75.4,71.5,77.0,DRAW
573,81.0,76.75,78.0,76.5,79.0,76.75,76.33333333333333,77.5,LOCAL
574,74.0,71.5,75.75,80.0,84.0,73.5,75.75,74.5,LOCAL
575,82.0,75.25,75.25,76.5,74.0,73.6,73.66666666666667,75.0,LOCAL
576,83.0,79.75,82.66666666666667,85.0,75.0,80.0,78.66666666666667,84.0,LOCAL
577,82.0,75.75,73.75,76.5,80.0,71.8,75.0,77.0,LOCAL
578,71.0,71.75,73.66666666666667,72.0,83.0,75.5,78.0,74.0,DRAW
579,75.0,74.6,73.0,74.0,88.0,77.5,82.2,85.0,VISIT
580,70.0,74.25,74.25,74.5,75.0,76.75,77.4,74.0,LOCAL
581,81.0,76.2,78.33333333333333,77.5,84.0,84.33333333333333,83.6,83.0,VISIT
582,83.0,77.5,77.33333333333333,81.33333333333333,79.0,76.0,78.5,72.0,LOCAL
583,78.0,70.0,72.8,69.0,83.0,77.0,77.25,79.5,VISIT
584,82.0,79.25,80.0,81.0,82.0,74.8,76.0,76.5,LOCAL
585,74.0,74.66666666666667,77.6,76.0,82.0,78.5,81.33333333333333,79.0,LOCAL
586,77.0,74.33333333333333,73.0,75.33333333333333,79.0,76.25,73.0,74.0,LOCAL
587,80.0,80.75,82.25,90.0,78.0,70.0,72.0,70.5,LOCAL
588,77.0,74.75,73.0,74.33333333333333,73.0,74.5,73.25,74.0,LOCAL
589,81.0,81.0,78.33333333333333,79.75,71.0,70.75,72.0,61.5,LOCAL
590,85.0,80.0,80.5,83.0,74.0,71.0,75.33333333333333,70.66666666666667,LOCAL
591,84.0,83.66666666666667,83.8,84.0,79.0,76.0,74.33333333333333,77.5,LOCAL
592,75.0,74.0,76.5,77.0,76.0,77.75,79.0,81.0,LOCAL
593,88.0,79.0,81.8,80.0,72.0,70.75,70.33333333333333,67.33333333333333,DRAW
594,73.0,73.0,73.5,74.5,80.0,74.25,75.75,80.0,DRAW
595,73.0,74.75,77.0,70.33333333333333,84.0,77.25,76.4,82.0,VISIT
596,83.0,77.25,78.66666666666667,77.0,72.0,72.0,72.4,75.0,VISIT
597,88.0,81.5,84.0,84.0,79.0,71.75,78.25,80.5,LOCAL
598,85.0,79.5,80.5,83.0,79.0,75.8,72.75,77.0,LOCAL
599,72.0,72.0,71.5,71.0,83.0,77.0,75.0,79.5,VISIT
600,71.0,74.25,73.5,76.5,71.0,75.5,75.75,73.0,VISIT
601,77.0,74.66666666666667,75.75,75.5,82.0,75.0,72.75,75.0,DRAW
602,75.0,77.0,79.25,80.5,81.0,69.25,75.66666666666667,76.66666666666667,LOCAL
603,66.0,74.0,74.66666666666667,73.33333333333333,78.0,70.2,75.66666666666667,70.5,VISIT
604,81.0,73.0,77.0,73.66666666666667,81.0,77.5,77.8,77.0,DRAW
605,86.0,84.25,84.0,85.25,81.0,77.0,80.0,75.0,LOCAL
606,80.0,75.25,74.25,77.0,79.0,80.66666666666667,81.0,80.33333333333333,DRAW
607,86.0,82.5,85.0,90.33333333333331,78.0,74.5,75.33333333333333,74.5,LOCAL
608,84.0,79.66666666666667,80.0,77.0,75.0,71.4,67.75,76.0,LOCAL
609,80.0,73.5,75.66666666666667,77.0,72.0,69.25,71.66666666666667,64.33333333333333,LOCAL
610,79.0,77.0,76.0,81.0,88.0,79.5,81.6,85.0,LOCAL
611,81.0,78.0,78.5,82.5,73.0,74.75,78.0,73.5,DRAW
612,80.0,75.33333333333333,80.75,82.33333333333333,75.0,74.25,74.5,76.5,LOCAL
613,73.0,75.5,75.25,74.0,74.0,75.75,75.25,78.5,VISIT
614,73.0,74.5,77.0,74.0,82.0,78.33333333333333,79.5,81.0,VISIT
615,79.0,74.75,74.75,73.0,83.0,77.5,75.0,81.33333333333333,DRAW
616,74.0,76.5,78.33333333333333,80.0,72.0,70.75,74.8,75.0,DRAW
617,82.0,78.0,81.0,81.66666666666667,75.0,73.4,76.0,74.0,LOCAL
618,78.0,74.25,74.2,69.0,83.0,77.75,76.75,76.0,LOCAL
619,84.0,78.0,76.5,74.5,74.0,69.25,74.0,69.66666666666667,LOCAL
620,75.0,77.5,76.33333333333333,79.0,80.0,79.0,77.66666666666667,78.33333333333333,VISIT
621,74.0,67.33333333333333,71.75,72.0,70.0,70.0,72.75,68.0,LOCAL
622,71.0,70.75,73.25,61.5,83.0,80.75,82.66666666666667,85.0,VISIT
623,74.0,71.0,75.33333333333333,70.0,83.0,76.25,75.66666666666667,79.33333333333333,DRAW
624,77.0,75.0,70.4,76.0,77.0,74.75,73.0,74.33333333333333,DRAW
625,78.0,72.5,74.25,78.5,79.0,75.0,77.8,78.0,LOCAL
626,77.0,74.75,76.0,82.0,75.0,74.2,73.25,76.0,LOCAL
627,83.0,79.0,76.2,78.0,69.0,73.0,70.0,66.0,LOCAL
628,77.0,74.0,73.75,75.0,79.0,75.25,70.75,76.0,DRAW
629,62.0,69.0,69.5,72.0,78.0,71.6,72.25,71.0,DRAW
630,79.0,77.0,76.0,78.66666666666667,78.0,74.0,78.0,77.0,VISIT
631,72.0,69.75,77.6,80.0,80.0,77.75,81.0,83.66666666666667,VISIT
632,82.0,71.75,75.0,77.66666666666667,75.0,74.5,76.4,84.0,VISIT
633,76.0,76.75,74.66666666666667,79.0,82.0,75.5,75.0,71.0,LOCAL
634,80.0,73.75,74.0,75.0,82.0,79.5,78.0,76.0,VISIT
635,83.0,73.5,72.0,76.0,82.0,75.25,76.0,77.0,LOCAL
636,75.0,75.8,78.25,78.0,82.0,75.75,73.0,74.0,LOCAL
637,76.0,77.5,77.0,79.5,81.0,75.0,76.33333333333333,77.0,LOCAL
638,73.0,73.0,72.0,72.5,76.0,77.5,77.5,79.5,LOCAL
639,81.0,78.66666666666667,83.33333333333333,80.33333333333333,78.0,75.0,77.2,77.0,VISIT
640,81.0,76.75,76.6,74.0,79.0,80.66666666666667,78.33333333333333,80.33333333333333,VISIT
641,88.0,82.0,82.75,86.5,76.0,77.5,76.66666666666667,77.33333333333333,LOCAL
642,81.0,69.5,74.0,76.66666666666667,72.0,71.75,74.8,75.0,VISIT
643,84.0,79.66666666666667,78.75,76.0,82.0,77.0,70.0,75.66666666666667,LOCAL
644,73.0,74.5,73.5,74.5,75.0,74.8,76.33333333333333,74.5,VISIT
645,76.0,86.25,86.25,88.5,75.0,74.16666666666667,76.0,70.0,LOCAL
646,83.0,76.66666666666667,74.4,78.0,65.0,74.2,76.5,73.0,LOCAL
647,66.0,75.0,74.0,73.33333333333333,73.0,74.25,74.0,72.5,VISIT
648,88.0,81.0,84.0,84.0,91.0,80.5,83.33333333333333,85.33333333333333,LOCAL
649,79.0,74.5,78.5,72.0,79.0,77.0,73.4,69.5,DRAW
650,75.0,74.6,75.0,73.0,81.0,79.5,82.0,79.33333333333333,VISIT
651,77.0,74.25,73.75,73.5,75.0,74.0,74.4,73.0,LOCAL
652,71.0,75.0,75.0,74.5,73.0,78.33333333333333,77.6,73.5,LOCAL
653,79.0,75.25,70.5,75.0,70.0,69.6,72.0,68.0,LOCAL
654,74.0,71.75,74.0,69.5,80.0,80.75,78.6,88.0,DRAW
655,85.0,78.0,78.5,79.0,79.0,77.0,74.33333333333333,75.0,DRAW
656,74.0,68.75,73.5,71.25,78.0,70.4,72.75,71.0,LOCAL
657,88.0,80.5,80.5,84.5,75.0,74.0,76.5,69.0,DRAW
658,81.0,77.5,77.6,70.0,78.0,71.75,74.75,74.5,LOCAL
659,78.0,73.5,75.5,81.5,83.0,77.0,76.0,80.0,VISIT
660,70.0,74.25,74.25,74.5,79.0,76.25,74.5,77.5,VISIT
661,80.0,76.0,78.25,80.0,76.0,76.25,78.5,82.5,DRAW
662,72.0,70.0,71.0,65.25,82.0,73.5,76.25,75.5,LOCAL
663,81.0,69.5,74.0,77.33333333333333,66.0,68.75,75.0,71.25,LOCAL
664,63.0,72.0,77.5,79.0,78.0,74.0,74.66666666666667,73.33333333333333,LOCAL
665,78.0,76.75,77.0,75.5,79.0,70.75,75.5,74.0,LOCAL
666,75.0,74.2,73.25,70.0,63.0,75.25,73.2,77.0,DRAW
667,82.0,75.2,72.75,76.0,86.0,77.75,76.5,82.5,LOCAL
668,74.0,74.33333333333333,72.66666666666667,74.33333333333333,77.0,73.0,75.25,78.5,LOCAL
669,73.0,74.5,71.2,77.0,74.0,76.5,73.75,78.5,DRAW
670,73.0,74.0,76.33333333333333,74.33333333333333,78.0,71.75,74.5,72.5,VISIT
671,81.0,77.0,77.8,82.0,73.0,73.5,72.0,72.5,VISIT
672,75.0,74.33333333333333,76.5,77.0,78.0,74.0,74.33333333333333,84.0,DRAW
673,86.0,84.25,86.5,88.5,75.0,74.8,76.5,72.0,LOCAL
674,84.0,79.0,76.2,82.0,75.0,73.75,73.25,73.5,LOCAL
675,76.0,78.5,77.0,79.5,74.0,75.0,74.0,76.0,LOCAL
676,75.0,73.75,73.25,73.5,83.0,75.4,78.0,79.33333333333333,LOCAL
677,71.0,75.5,74.75,71.0,81.0,73.0,77.5,72.0,VISIT
678,77.0,74.33333333333333,75.75,75.5,79.0,76.2,78.66666666666667,81.0,LOCAL
679,74.0,77.25,77.75,81.5,78.0,76.0,78.8,81.5,VISIT
680,75.0,71.75,72.66666666666667,72.0,72.0,74.33333333333333,74.0,68.5,LOCAL
681,83.0,77.0,75.66666666666667,75.0,77.0,73.33333333333333,72.8,75.0,LOCAL
682,73.0,72.25,73.4,77.0,75.0,78.5,74.0,78.0,DRAW
683,79.0,74.75,77.2,75.0,72.0,70.75,69.5,67.0,LOCAL
684,81.0,76.25,79.0,82.0,81.0,78.4,78.5,81.0,LOCAL
685,88.0,79.5,81.25,78.0,74.0,71.0,71.66666666666667,71.5,LOCAL
686,78.0,75.5,77.5,77.0,84.0,76.2,77.0,76.0,VISIT
687,77.0,75.0,70.0,75.33333333333333,85.0,73.5,77.4,60.0,VISIT
688,68.0,76.5,78.75,70.5,79.0,77.0,79.25,81.0,VISIT
689,85.0,79.66666666666667,78.25,78.66666666666667,83.0,77.25,77.66666666666667,80.0,LOCAL
690,81.0,79.0,82.0,80.33333333333333,79.0,72.33333333333333,74.2,74.0,LOCAL
691,79.0,75.4,73.66666666666667,79.0,83.0,75.5,75.66666666666667,80.0,LOCAL
692,83.0,76.0,78.0,79.5,75.0,76.25,76.5,79.0,LOCAL
